{
    "materials":[{
        "wireframe":false,
        "vertexColors":false,
        "depthWrite":true,
        "colorDiffuse":[0.64,0.64,0.64],
        "visible":true,
        "DbgName":"Material",
        "colorEmissive":[0,0,0],
        "specularCoef":50,
        "shading":"phong",
        "transparent":false,
        "DbgIndex":0,
        "opacity":1,
        "DbgColor":15658734,
        "depthTest":true,
        "blending":"NormalBlending",
        "colorSpecular":[0.5,0.5,0.5]
    }],
    "normals":[-5.32907e-15,2.98023e-08,1,1.06581e-14,-2.98023e-08,-1,1,2.83122e-07,-4.47034e-08,-2.83122e-07,1,7.45059e-08,-1,-2.23517e-07,1.3411e-07,2.38419e-07,-1,-1.78814e-07],
    "uvs":[],
    "metadata":{
        "materials":1,
        "version":3,
        "faces":6,
        "generator":"io_three",
        "colors":5,
        "normals":6,
        "vertices":8,
        "uvs":0,
        "type":"Geometry"
    },
    "skinIndices":[],
    "vertices":[1,-1,1,1,1,1,-1,1,1,-1,-1,1,1,-1,-1,0.999999,1,-1,-1,1,-1,-1,-1,-1],
    "influencesPerVertex":2,
    "skinWeights":[],
    "faces":[163,0,1,2,3,0,0,0,0,0,0,0,0,0,163,4,7,6,5,0,1,1,1,1,1,2,3,4,163,0,4,5,1,0,2,2,2,2,2,1,4,3,163,1,5,6,2,0,3,3,3,3,3,4,3,2,163,2,6,7,3,0,4,4,4,4,0,0,0,0,163,4,0,3,7,0,5,5,5,5,0,0,0,0],
    "name":"CubeGeometry.1",
    "colors":[16777215,16722385,13376255,16714674,16775719]
}